Rank,Industry,Sector,Relative Strength,Percentile,1 Month Ago,3 Months Ago,6 Months Ago,Tickers
1,Computer Hardware,Technology,137.64,99,99,56,20,"RCAT,QBTS,QMCO,IONQ,BTCT,CAN,OSS,SCKT,PSTG,ANET,YIBO,DDD,SSYS,LOGI,NTAP,STX,CRSR,HPQ,CRCT,WDC,DELL,NNDM,TACT,EBON,AGMH,KTCC,ALOT,MKFG,UAVS,SMCI,DM"
2,Utilities - Independent Power Producers,Utilities,135.18,99,99,99,99,"VST,TLN,PAM,NRG,TAC,KEN"
3,Medical Distribution,Healthcare,128.83,98,26,1,45,"YI,AHG,PDCO,CAH,MCK,COR,HSIC,COSM,OMI,ZYXI,EDAP"
4,Credit Services,Financial Services,124.05,97,98,97,81,"LX,OPFI,FOA,SEZL,UPST,QFIN,SOFI,XYF,ATLC,DFS,BFH,ENVA,SYF,FINV,COF,QD,AXP,SLM,PYPL,PMTS,RM,OPRT,CPSS,OMF,V,AIHS,LU,EZPW,MA,YRD,MCVT,NNI,MFIN,ATLCP,RWAY,SLMBP,ALLY,AGM,FCFS,WRLD,CACC,PRAA,OMCC,NAVI,PT,LPRO,WU,GDOT,SNTG,LMFA"
5,Travel Services,Consumer Cyclical,121.52,97,95,87,67,"NTRP,ISPOW,DESP,VIK,RCL,CCL,TCOM,MMYT,LIND,ISPO,VCSA,NCLH,BKNG,TNL,EXPE,TOUR,TRIP,ABNB,YTRA"
6,Aerospace & Defense,Industrials,118.95,96,96,63,33,"RKLB,LUNR,RDW,BYRN,PRZO,SATL,ACHR,PL,TATT,CVU,AXON,KTOS,HWM,ISSC,ERJ,ESLT,DRS,HOVR,CAE,GE,MRCY,TGI,NPK,LOAR,CW,VSEC,CODA,WWD,DCO,RTX,CDRE,TDG,EH,EVEX,BWXT,AIR,SPR,SKYH,SIF,HXL,HEI,PKE,AVAV,NOC,VVX,POWW,BA,LMT,LHX,POWWP,GAUZ,GD,ATRO,TXT,AIRI,SVT,OPXS,RGR,MNTS,DPRO,SIDU,HII,SWBI,KITT,EVTL,SPCE,GPUS,KWE,XTIA"
7,Communication Equipment,Technology,118.82,95,97,95,88,"ASTS,UI,COMM,INSG,MOB,SATX,ONDS,OCC,AAOI,BKTI,MOBBW,TSAT,CRNT,BOXL,ADTN,FEIM,NTGR,FKWL,SATS,CIEN,LITE,GILT,HPE,AMPG,ZBRA,SYNX,BOSC,KVHI,BDC,MSI,AIRG,ERIC,ASNS,EXTR,CSCO,MITQ,SILC,CLFD,INFN,NOK,VIAV,DGII,JNPR,UTSI,AUDC,HLIT,LTRX,CLRO,VISL,VSAT,AVNW,CMBM,SONM,CMTL,MYNA,SYTA"
8,Luxury Goods,Consumer Cyclical,116.91,95,92,24,15,"REAL,MYTE,TPR,ELA,LANV,CTHR,MOV,BRLT,CPRI,SIG,BGI"
9,Airlines,Industrials,116.28,94,93,63,6,"UAL,ALGT,ALK,SRFM,SKYW,ULCC,ATSG,DAL,AAL,JBLU,SNCY,MESA,LUV,VLRS,LTM,FLYX,RYAAY,CPA,AZUL"
10,Security & Protection Services,Industrials,115.18,93,70,9,24,"SPCB,SNT,GEO,UUU,CXW,IVDA,BKYI,VRME,NL,BRC,ADT,MG,ALLE,BCO,EVLV,GFAI,MSA,CIX,NSSC,BAER,KSCP,SUGP"
11,Healthcare Plans,Healthcare,114.36,93,62,92,95,"CLOV,ALHC,NEUE,OSCR,UNH,HUM,CNC,CI,CVS,MOH,ELV"
12,Specialty Industrial Machinery,Industrials,112.8,92,90,88,99,"OPTT,BURU,NNE,SMR,RR,LASE,SERV,XMTR,KRNT,GHM,GTLS,AMSC,JCSE,SPPL,LXFR,MWA,JBTM,FLS,CSWI,MIR,MIDD,KAI,EMR,CMI,GTES,PNR,PH,GTEC,NPO,EPAC,DOV,CR,SXI,AME,ITT,CXT,IEX,GNRC,WTS,ITW,GRC,HURC,RRX,GGG,ROK,OTIS,ETN,ENOV,DCI,IR,FELE,THR,XYL,HI,HLIO,CVV,IVAC,PKOH,NDSN,AOS,TNC,NPWR,ATS,TWIN,BW,SYM,BWEN,OFLX,TAYD,BLDP,TPIC,SHMD,CETY"
13,Beverages - Non-Alcoholic,Consumer Defensive,112.37,91,86,52,77,"ZVIA,BRFH,PRMB,COCO,COKE,STKL,CCEP,KO,KDP,FIZZ,MNST,PEP,KOF,CELH,SHOT"
14,Railroads,Industrials,112.15,90,77,96,41,"RAIL,GBX,TRN,WAB,FSTR,RVSN,UNP,NSC,CP,CSX,CNI"
15,Grocery Stores,Consumer Defensive,111.06,90,90,84,75,"NGVC,SFM,DDL,VLGEA,KR,MSS,WMK,ACI,IMKTA,GO,DNUT"
16,Insurance - Reinsurance,Financial Services,111.01,89,89,79,98,"OXBR,HG,RGA,SPNT,RNR,GLRE,EG,MHLD"
17,Software - Application,Technology,110.54,88,94,50,34,"APP,KC,SOUN,NVNI,XTKG,ALTS,CRNC,MSTR,AZ,MTC,DAVE,DATS,MRT,PRCH,VSSYW,BMTX,SMWB,RUM,BTDR,BCOV,DSP,EXFY,LDTC,API,SRAD,UPLD,GRABW,QH,HTCR,CCRD,VERX,INLX,VMEO,PEGA,INTA,KLTR,ZENV,GRND,ML,BILL,RDVT,INUV,DUOT,QTWO,DUOL,IDCC,DOCU,SHOP,OLO,CVLT,PYCR,MAPS,AEYE,GWRE,ASAN,OOMA,MTLS,LIF,YMM,RSSS,PAR,OCFT,KARO,ASUR,NOW,LGTY,TEAM,HUBS,MTTR,BLBX,SAP,CWAN,GBTG,BLND,ELWS,TTD,SEMR,SNOW,APPF,DHX,PCTY,NATL,CRM,AI,AZPN,TRAK,FRSH,HKIT,ZM,GRAB,BMR,PAYC,RMNI,ENFN,VS,WK,BRZE,AMST,FICO,MANH,DSGX,PCOR,LPSN,SSNC,ADSK,PSQH,DAY,ALKT,NRDY,ADP,PAYX,DDOG,AMPL,TYL,ADEA,IDN,EGHT,DBD,DT,BL,ESTC,CDNS,MNDO,EGAN,PERF,RSKD,WDAY,FSLY,ANSS,WFCF,PTC,DJCO,DFIN,MNDY,RNG,IMMR,YOU,SPSC,ALRM,FROG,LYFT,SSTI,CCCS,BIGC,U,ONTF,PRO,ROP,NCNO,MLNK,RDZN,INTU,DCBO,UPBD,CXM,CXAI,UBER,LSPD,PD,DOMO,STEC,BSY,NTWK,MITK,BLKB,XPER,IBTA,YALA,DV,EZFL,SWVL,AGYS,PLUS,NXPL,MRIN,SPT,ALIT,SYT,VTEX,EB,ILLR,NICE,SMSI,PUBM,BMBL,MYSZ,APPS,PDFS,AWRE,JAMF,OTEX,IFBD,AIFF,ZI,TROO,NXTT,OBLG,SVCO,ETWO,SPNS,VTSI,LAW,HKD,SOPA,SMRT,CNTM,AIXI,SURG,FTFT,MFI,CREX,PHUN,QXO,ORKT,AUUD,ULY,FRGT,VERB,BCAN,RYDE,LGCL,LYT,BNZI,PET,TGL,SGN,RTC,JTAI,CYN"
18,Software - Infrastructure,Technology,109.54,88,88,53,43,"PDYNW,UBXG,JG,ALLT,GRRR,ATGL,PLTR,ARQQ,TWLO,PRTH,BKKT,VRAR,CORZ,AISP,RBRK,AVPT,CLBT,SANG,PAYO,NN,WIX,BLIN,TOST,BB,AFRM,INTZ,USIO,FOUR,RELY,GDDY,NET,KVYO,CCSI,VHC,TUYA,OSPN,XNET,AIOT,GB,PAY,FTNT,CYBR,FFIV,ACIW,ATEN,CGNT,ARBE,CINT,CRWD,IOT,XYZ,SWI,DBX,CFLT,CPAY,DLO,ALTR,RAMP,SNCR,CSGS,ODD,ORCL,SCWX,RXT,CISO,LSAK,VRSN,PANW,DOCN,GEN,HCP,ZETA,GTLB,BOX,CHKP,REKR,OKTA,IIIV,RDWR,NTNX,AEVA,NTCT,AVDX,YEXT,MSFT,DAVA,ZUO,OS,PSFE,CALX,TENB,APPN,QLYS,ZS,VERI,EVCM,FLYW,IMXI,MOGO,HUBC,DOX,SNPS,EEFT,VRNT,S,WEX,HPAI,BAND,SABR,AKAM,EVTC,PRGS,PATH,FIVN,TDC,RPAY,INFA,RPD,KSPI,VRNS,MDB,BASE,ADBE,KPLT,JNVR,TLS,BLZE,LIDR,TCX,DTSS,AUID,PGY,MSAI,PAYS,TIXT,GCT,XBP,MQ,PAGS,STNE,RVYL,ALAR,APCX,OLB,TAOP,RZLV,PGYWW,BNAI,ATCH,FAAS,MLGO,CETX"
19,Information Technology Services,Technology,108.5,87,88,72,53,"CTM,VNET,INOD,BBAI,GDS,KD,GDYN,AUR,EXLS,NYAX,IBEX,G,HCKT,DMRC,TASK,APLD,CLPS,FI,CSPI,WYY,WNS,IBM,EPAM,BR,UIS,FORTY,NOTE,DTST,MGIC,IT,CTSH,CNDT,CTLP,ACN,FIS,INFY,ARBB,LDOS,PENG,DXC,GIB,JKHY,PSN,GLOB,ASGN,III,CACI,CNXC,BTCM,VYX,CDW,XRX,SAIC,SAIH,CLVT,JFU,NABL,JZ,WIT,JDZG,TTEC,VEEA"
20,Electrical Equipment & Parts,Industrials,108.07,86,87,62,8,"MVST,EOSE,BE,AMPX,POWL,LTBR,FREY,SKYX,ADSE,RAYA,NEOV,VRT,AYI,RFIL,EAF,ESP,ENVX,PLPC,ENR,HAYW,AEIS,POLA,HUBB,EPOW,APWC,PPSI,ELVA,ENS,IPWR,NVT,KE,ULBI,NVX,CBAT,PLUG,ATKR,STI,CCTG,GWH,FCEL,FLUX,NXU,DFLI,XPON,SDST"
21,Insurance - Property & Casualty,Financial Services,107.65,86,97,90,97,"ROOT,KINS,HIPO,LMND,PLMR,HRTG,ORI,UFCS,BOW,AIZ,MKL,PGR,HCI,DGICB,THG,GBLI,CINF,AFG,ALL,TRV,L,PRA,CNA,HMN,WTM,HIG,ACIC,SKWD,KMPR,WRB,UVE,CB,HGTY,DGICA,KNSL,SIGIP,SAFT,RLI,SIGI,STC,CNFR,NODK,MCY"
22,Banks - Diversified,Financial Services,106.61,85,80,83,84,"BCS,C,BK,WFC,JPM,HSBC,SMFG,MUFG,CM,BAC,UBS,BBVA,RY,SAN,BMO,BNS,ING,NTB,TD"
23,Electronic Components,Technology,105.75,84,93,68,40,"NEON,LPTH,MTEK,KOPN,LINK,CLS,MPTI,DAKT,LYTS,OSIS,EMKR,TTMI,JBL,GLW,FLEX,SANM,OUST,BHE,PLXS,VICR,RELL,LGL,BELFB,ALNT,KN,APH,CTS,CPSH,DAIO,MEI,TEL,BELFA,DSWL,ELTK,REFR,FN,LFUS,OPTX,ROG,SELX,OLED,IMTE,OST,SGMA,WBX,HOLO"
24,Capital Markets,Financial Services,105.25,84,83,90,66,"MFH,HOOD,BTCS,SLNHP,NCTY,DGHI,HUT,IBKR,MRX,VIRT,FRHC,OPY,IREN,PWP,TIGR,JEF,SIEB,WULF,LPLA,FUTU,PJT,GS,SNEX,MS,COHN,PIPR,SF,EVR,MC,HLI,MATH,LAZ,SCHW,NMR,TW,BGC,CIFR,RIOT,SRL,HGBL,FUFU,BTBT,MARA,BTM,MEGL,MKTX,CLSK,ABTS,SDIG,HIVE,AMRK,ANY,MDBH,TOP,XP,BITF,NCPL,SLNH,GREE,WAI,MIGI,FRGE,LGHL,SOS,SWIN,GRYP,ARBK,GSIW"
25,Other Industrial Metals & Mining,Basic Materials,104.99,83,79,64,6,"UAMY,TMQ,NVA,LITM,NAK,WWR,USAS,SKE,IPX,TMCWW,MP,USGO,NMG,TMC,VZLA,ABAT,SLI,XPL,IONR,RIO,LZM,EMX,TECK,LGO,MTRN,GRFX,BHP,NB,CMP,ELBM,LAC,WRN,VALE,FURY,CRML,FMST,GSM,NEXA,SGML,PLL,ATLX,OMEX,GTI"
26,Auto & Truck Dealerships,Consumer Cyclical,103.29,82,79,61,34,"CANG,CVNA,UXIN,CARG,GPI,SAH,KAR,ACVA,RUSHB,RUSHA,LAD,ABG,DRVN,AN,KMX,SDA,MCW,PAG,CARS,CWH,CRMT,VVV,RMBL,KFS,JZXN,UCAR,CTNT,GORV,KXIN"
27,Oil & Gas Equipment & Services,Energy,102.96,81,75,16,56,"SEI,FTK,LB,NCSM,EFXT,KGS,RNGR,AROC,WTTR,NGS,BKR,AESI,SND,MRC,FTI,TS,TTI,WHD,PUMP,ACDC,OIS,VTOL,USAC,FET,OII,NPKI,NOA,CLB,LBRT,KLXE,RES,CHX,INVX,NESR,RCON,SLB,NINE,DWSN,DTI,HAL,NOV,HLX,XPRO,GEOS,VAL,TDW,WFRD"
28,Infrastructure Operations,Industrials,102.72,81,74,25,38,"BEEP,FER,VRRM"
29,Semiconductors,Technology,102.38,80,95,48,24,"LAES,WKEY,POET,CRDO,SMTC,SQNS,HIMX,AIP,CEVA,SITM,AVGO,MRVL,ALAB,ARM,TSM,VLN,TSEM,NVDA,MTSI,MXL,AOSL,SLAB,RMBS,MOBX,LEDS,SKYT,QCOM,ADI,TXN,LASR,ASX,SYNA,GSIT,CRUS,ALGM,LSCC,MRAM,NXPI,POWI,NVEC,GFS,SWKS,MU,NVTS,DIOD,PI,PXLW,SIMO,IMOS,QRVO,VSH,MPWR,MX,QUIK,ON,UMC,AMD,STM,MCHP,INTC,ICG,GCTS,PRSO,WISA,WOLF"
30,Apparel Manufacturing,Consumer Cyclical,102.23,79,47,38,31,"JXG,VNCE,VFC,HBI,RL,KTB,GIL,JRSH,LAKE,COLM,GIII,UAA,LEVI,UA,SGC,PLCE,GOOS,ZGN,OXM,FIGS,PVH,NCI,PMNT,XELB"
31,Paper & Paper Products,Basic Materials,101.95,79,29,23,57,"ITP,SLVM,SUZ,CLW,MERC"
32,Footwear & Accessories,Consumer Cyclical,101.59,78,54,40,70,"WWW,ONON,FOSL,DECK,FORD,SKX,WEYS,BIRK,SHOO,NKE,RCKY,CROX,DBI,VRA,AREB"
33,Banks - Regional,Financial Services,101.51,77,86,81,87,"SUPV,BBAR,GGAL,BMA,CCB,LC,TCBX,NBN,HNVR,ESQ,VBFC,EBTC,USCB,HTLF,HWBK,UNTY,MRBK,CFFI,BYFC,NRIM,PWOD,OPOF,NWG,FXNC,SMBK,EVBN,FHN,PDLB,PNFP,SYBT,MFG,BANR,ONB,FCCO,BLX,FSFG,WAL,UMBF,CASH,BMRC,SBFG,BSVN,GNTY,SNV,IROQ,FBMS,MCB,CBNK,CBAN,CZWI,LARK,DB,BAFN,CPBI,BKU,CBU,CIVB,CFG,PFC,DCOM,UVSP,UBFO,FUNC,SASR,HFWA,BCML,MGYR,OBK,TBBK,IFS,FISI,EWBC,FBK,EFSC,ZION,NECB,MOFG,TMP,WTFC,FINW,IBCP,BRKL,FCNCA,PLBC,COLB,HAFC,CPF,EBC,SFBS,MTB,OSBC,HBAN,HTBI,CFR,FULT,CAC,SHBI,FDSB,WBS,HBNC,PNC,BSRR,UCB,SRBK,TOWN,SPFI,FBIZ,THFF,COFS,HWC,CBSH,MBWM,CIB,NIC,WSBC,BANF,FUSB,SSB,RVSB,HBT,TFC,HIFS,NBTB,FBNC,BVFL,BRBS,GBCI,AMAL,SFBC,VLY,BY,BOH,HOMB,RMBI,RBKB,FHB,RF,CNOBP,PB,PGC,BFC,MPB,EQBK,FFBC,AX,MCBS,CTBI,BFST,CCBG,NSTS,NBBK,BFIN,ZIONP,CZFS,WTBA,PFIS,TCBI,BPOP,FRME,ABCB,INDB,CZNC,CVBF,SMBC,CBFV,QCRH,FITB,HBCP,VLYPP,CUBI,CATY,FIBK,FSBC,TRMK,DCOMP,ORRF,SSBK,CARE,KEY,PROV,RNST,BOKF,AUBN,FGBIP,OZK,CADE,ESSA,PBFS,CMA,BHLB,FFIN,VBTX,ASB,BOTJ,AVAL,LYG,MNSBP,USB,FBP,BWFG,RBCAA,FSEA,IBOC,OPBK,KB,PVBC,CCNEP,WSFS,UNB,WNEB,CFSB,FNB,STEL,FMAO,CCNE,SFNC,WASH,BANC,PFS,OCFC,PRK,GABC,VBNK,EGBN,KRNY,FRAF,PCB,TCBK,LSBK,PBHC,BCOW,FCBC,OFG,FMBH,SRCE,FSUN,BHB,FRBA,CFBK,MYFW,TECTP,PEBO,MBNKP,PFBC,NFBK,UBSI,VABK,CHCO,VLYPO,AMTB,NBHC,NEWT,FULTP,TCBIO,HONE,LKFN,PNFPP,FCF,BAP,TCBS,NWBI,PBBK,SBSI,TFINP,FCAP,WSBCP,FITBI,RRBI,TRST,HBANM,LNKB,WTFCM,UBCP,PKBK,SFST,CNOB,STBA,OCFCP,BCH,BCBP,PEBK,WABC,FCNCP,FITBP,ISTR,HTBK,FSBW,MBINN,AUB,HBANL,PPBI,BWBBP,GSBC,MBINM,FRMEP,WTFCP,BHRB,SBCF,BSBK,HTLFP,FITBO,HFBL,FLIC,ONBPP,ONBPO,TSBK,TFSL,WAFDP,AROW,BCAL,IBN,FFIC,WMPN,OPHC,CWBC,EFSCP,FCNCO,CFB,HOPE,BSAC,FMNB,NU,FNLC,EBMT,NKSH,ACNB,OBT,LCNB,OZKAP,INBK,CARV,BLFY,CLST,CHMG,OVLY,BWB,FVCB,MSBIP,FGBI,WF,HBANP,ASRV,FRST,FNWD,WSBF,BPRN,FFNW,FNWB,OVBC,SHG,CFFN,NWFL,HDB,BUSE,AFBI,TBNK,JMSB,RBB,WAFD,MBCN,ATLO,MVBF,ECBK,MNSB,HTH,SBT,KFFB,TFIN,ALRS,MBIN,ITUB,LOB,GCBC,FDBC,CLBK,BBDO,GLBZ,INTR,MSBI,BSBR,FFWM,SSBI,BBD,FLG,HMST,PNBK,SHFS"
34,Utilities - Regulated Electric,Utilities,100.68,77,85,85,79,"OKLO,EDN,ETR,CEPU,VIASP,AEE,TXNM,OGE,EVRG,WEC,PPL,XEL,CNP,AEP,IDA,PEG,PNW,LNT,MGEE,EXC,SO,NWE,DUK,D,CMS,FTS,ENIC,DTE,NEE,FE,ED,NGG,ES,POR,KEP,PCG,GNE,HE,EIX"
35,Leisure,Consumer Cyclical,100.63,76,84,78,42,"DOGZ,AS,PLBY,PTON,AOUT,LTH,FNKO,PLNT,CUK,OSW,XPOF,JAKK,ESCA,FUN,GOLF,YETI,MAT,PRKS,HAS,CLAR,MSGE,JOUT,LUCK,MODG,MMA,GDHG,HWH,SRM,YYAI,SPGC"
36,Discount Stores,Consumer Defensive,99.7,75,71,55,79,"WMT,OLLI,BJ,TBBB,COST,PSMT,TGT,DLTR,DG"
37,Insurance Brokers,Financial Services,99.58,74,67,43,78,"SLQT,EHTH,GOCO,CRVL,WTW,BRO,TWFG,BWIN,AON,AJG,MMC,ERIE,TIRX,HUIZ,RELI,ZBAO,AIFU"
38,Integrated Freight & Logistics,Industrials,99.32,74,33,13,5,"JYD,CRGO,PBI,CHRW,RLGT,FWRD,HUBG,FDX,UPS,JBHT,LSTR,EXPD,ZTO,ATXG,PAL,GVH,CYRX,GXO,LSH,SFWL,BTOC,SGLY,PSIG"
39,Engineering & Construction,Industrials,99.24,73,83,95,94,"AGX,VATE,IESC,TPC,BBCP,PRIM,MTZ,GVA,ESOA,ROAD,MTRX,FIX,STRL,EME,GLDD,WLDN,DY,PWR,ACA,ORN,ACM,J,APG,FLR,MYRG,EXPO,STN,TTEK,BWMN,BLD,KBR,CDLR,SHIM,JUNE,SLND,AMRC,NVEE,BLNK,PGHL"
40,Food Distribution,Consumer Defensive,98.7,72,74,54,23,"UNFI,WILC,MTEX,CHEF,USFD,PFGC,AVO,SYY,CVGW,SPTN,ANDE,DIT,HFFG,TWG"
41,Insurance - Specialty,Financial Services,98.64,72,77,74,90,"TRUP,AXS,MBI,ITIC,ICCH,RYAN,AGO,MTG,TIPT,EIG,FNF,NMIH,FAF,AMSF,RDN,ACT,ESNT,AMBC,JRVR"
42,REIT - Healthcare Facilities,Real Estate,98.45,71,57,91,91,"AHR,WELL,VTR,STRW,SBRA,OHI,CTRE,MPW,NHI,HR,SILA,LTC,DOC,UHT,CHCT,GMRE,DHC"
43,Insurance - Life,Financial Services,98.35,70,61,81,74,"CIA,UNM,CNO,JXN,GL,MFC,PRI,MET,AFL,LNC,GNW,FG,PRU,BHF,BHFAM,BHFAP,BHFAO,BHFAN,PUK,AAME,ABL"
44,Metal Fabrication,Industrials,98.33,70,82,86,48,"CRS,CMPO,NWPX,PRLB,AP,GIFI,MLI,TG,ESAB,MTEN,ATI,MEC,IIIN,HIHO,WOR,RYI,TPCS,TRSG,SGBX"
45,Gambling,Consumer Cyclical,98.32,69,76,52,72,"SGHC,RSI,GAMB,FLUT,GAN,EVRI,AGS,DKNG,INSE,CDRO,ACEL,CPHC,LNW,CHDN,BRAG,IGT,SBET,LTRY"
46,Lodging,Consumer Cyclical,97.96,68,69,67,18,"ATAT,SHCO,WH,IHG,MAR,HLT,CHH,H,SOND,GHG,CVEO,HTHT,INTG"
47,Oil & Gas Integrated,Energy,97.66,68,51,29,59,"YPF,SLNG,TGS,CRGY,NFG,SU,CVX,PBR,IMO,SHEL,XOM,BP,EQNR,E,EC,TTE,CGBS,CVE,VIVK"
48,Internet Content & Information,Communication Services,97.64,67,58,35,27,"RDDT,DOYU,SPOT,AREN,ONFO,Z,ZG,LCFY,PODC,BZFD,DASH,OB,TRVG,META,GENI,UPWK,JFIN,FVRR,YY,OPRA,CMCM,SEATW,CCGWW,GOOGL,GOOG,WB,MOMO,EVER,KIND,ATHM,NRDS,YELP,TRUE,IZEA,TME,BZ,MTCH,PINS,BODI,FENG,SEAT,SOGP,TBLA,BIDU,ZDGE,ZH,SNAP,THRY,GRPN,DJTWW,PERI,IAC,MNY,DJT,ANGI,CCG,ASST,SSTK,MNYWW,WBTN,UPXI,SCOR,MAX,GETY,TC,TTGT,SLE,GIFT,DGLY,STBX"
49,Insurance - Diversified,Financial Services,97.32,66,66,70,65,"IGIC,GSHD,EQH,BNT,SLF,AEG,WDH,ACGL,FGFPP,ESGR,AIG,FIHL,ACGLO,ACGLN,ESGRO,ESGRP,FGF"
50,Utilities - Regulated Water,Utilities,97.13,65,63,40,82,"ARIS,CDZI,CDZIP,PCYO,SBS,CWCO,AWK,GWRS,AWR,WTRG,CWT,MSEX,ARTNA,YORW,SJW"
51,Industrial Distribution,Industrials,97.06,65,52,39,52,"DXPE,BECN,AIT,DNOW,CNM,GWW,REZI,WSO,FAST,WCC,BXC,MSM,SITE,POOL,TITN,DSGR,EVI,FERG,TRNS,GIC"
52,Medical Devices,Healthcare,96.98,64,45,27,52,"BFLY,BBLGW,NXL,SENS,LNSR,DCTH,ECOR,CLPT,ELMD,QSI,AXGN,ICAD,NARI,NPCE,FNA,NVCR,RPID,SMLR,ICCM,BMRA,BVS,MYO,RBOT,INGN,VVOS,BWAY,GMED,SRTS,GKOS,TMCI,ATEC,BSX,PODD,CVRX,AORT,MASI,PEN,IRMD,BDMD,PRCT,TCMD,ITGR,OFIX,IRTC,NMTC,CERS,UFPT,SYK,ABT,AEMD,BSGM,TNDM,AIMD,AHCO,BIO,NNOX,MDAI,NURO,MDT,ARAY,SRDX,CTSO,SIBN,MXCT,NSPR,MGRM,QDEL,PHG,CNMD,APYX,IART,AXDX,XYLO,LUCD,ZBH,STE,DXCM,INSP,HYPR,VMD,CTKB,EW,ZOM,LIVN,SNN,TLSI,INMD,KIDS,VREX,QIPT,ZIMV,RCEL,ELUT,PROF,XTNT,BRKR,LUNG,TLSIW,MOVE,PACB,SERA,IRIX,AVNS,NSYS,INBS,IINN,OM,SSKN,NVNO,LAB,IINNW,ESTA,TELA,MODD,COCH,CODX,HSDT,RXST,XAIR,NVRO,HSCS,QTRX,SINT,TMDX,DHAI,NAOV,RSLS,TIVC,MASS,SGHT,VERO,BBLG,PAVM,QTI,NUWE,LFWD,CUTR,CATX,TRIB,BJDX,TNON,ALUR,VTAK,ADGM,AMIX"
53,Rental & Leasing Services,Industrials,96.89,63,70,71,62,"WLFC,HEES,R,GATX,CTOS,HRI,MGRC,FPAY,PRG,AER,UHAL,FTAIN,URI,FTAI,FTAIM,HTZ,VSTS,FTAIO,AL,WSC,GSL,MWG,CAR,ALTG,ZCAR"
54,Health Information Services,Healthcare,96.43,63,31,8,9,"CCLDO,CCLDP,TBRG,CCLD,BTSG,DOCS,BTSGU,WAY,ONMD,ACCD,FOXO,EUDA,OMCL,WEAV,PHR,TALK,HQY,TEM,PRVA,STRM,HSTM,WORX,SDGR,PINC,SOLV,LFMDP,VEEV,SPOK,SOPH,HCTI,GEHC,MPLN,CERT,PGNY,BEAT,AMWL,TDOC,SLP,FORA,OWLT,ZCMD,LFMD,DH,SY,MGRX,NRC,BFRG,HCAT,PHLT,TXG,SHLT,GDRX,OPRX,OTRK,DRIO,VSEE,EVH,MNDR,ICCT,LGMK,ACON"
55,Scientific & Technical Instruments,Technology,96.33,62,35,19,10,"MIND,FCUV,FARO,BKSY,GRMN,TRMB,MLAB,ELSE,ITRN,GNSS,COHR,MVIS,TDY,KEYS,ITRI,ESE,BMI,FTV,VNT,MKSI,WRAP,CGNX,SOTK,NOVT,ASTC,ST,VPG,WATT,KNW,SVRE,SOBR"
56,Education & Training Services,Consumer Defensive,96.17,61,56,22,50,"SKIL,DAO,COE,LRN,UTI,ATGE,AMBO,APEI,PRDO,LINC,LAUR,LOPE,GHC,LXEH,TAL,FEDU,EDTK,BEDU,STRA,EEIQ,QSG,COUR,WAFU,GV,AFYA,AACG,IH,FC,VSTA,STG,YQ,UDMY,GSUN,EDU,MYND,GOTU,CHGG,GNS,TCTM"
57,Publishing,Communication Services,96.1,61,91,94,95,"DALN,PSO,GCI,LEE,NYT,WLYB,WLY,EDUC,SCHL"
58,Utilities - Regulated Gas,Utilities,96.04,60,56,41,49,"UGI,NI,SR,ATO,BIPC,CPK,CTRI,NJR,BKH,SPH,SWX,OGS,RGCO,NWN,NFE,OPAL"
59,Entertainment,Communication Services,96.01,59,81,48,43,"CNVS,AENT,LLYVA,LLYVK,NFLX,TKO,MCS,FOX,LYV,CNK,FOXA,IMAX,GAIA,WBD,LVO,FWONA,FWONK,NWS,DIS,EDR,HUYA,RDI,ROKU,SPHR,NWSA,MSGS,PARAA,RSVR,PARA,WMG,BATRA,AMCX,MANU,BATRK,AGAE,CPOP,AMC,RSVRW,ANGH,IQ,BREA,SIRI,PLAY,RDIB,NIPG,MPU,KUKE,HOFV,TOON,BLMZ,ADD"
60,Asset Management,Financial Services,95.78,59,60,65,73,"RAND,HNNA,RCG,PWM,KKR,PX,STEP,GLAD,APO,BAM,TYG,RJF,KYN,VCTR,GCMG,ARES,TPG,OWL,SSSS,NXG,CEE,BX,BN,MAIN,CLM,AMP,EMO,JHG,NTRS,STT,BTO,SRV,CRF,NML,SEIC,CG,ECF,SPE,FSK,UTG,EOS,BLK,FDUS,SABA,BSTZ,MRCC,ASA,FGB,FCO,FSCO,DPG,BCV,EOI,NCZ,BANX,SCD,QQQX,AB,ETY,MCI,MSD,SAR,CRBG,GHY,ARCC,GAM,SPXX,NIE,WHG,NCV,BIGZ,INV,JCE,BCSF,CET,ETB,BGH,ERH,GCV,NOM,CGBD,CCAP,CSQ,RVT,BRW,TRIN,SLRC,HLNE,ASG,BXSL,STEW,TURN,ETV,NAZ,HTGC,SAMG,CCD,STK,ADX,GLQ,SCM,CII,CHN,DIAX,GAB,RMT,EDF,ACV,CUBA,NPV,BOE,JRS,GDV,PDT,HYB,AVK,VCV,JPC,FLC,JLS,BDJ,HTD,ETJ,FINS,FT,FHI,USA,DHF,FFA,EOD,GECC,NPFD,OCCI,ARDC,EMD,RLTY,ISD,JRI,IGA,FFC,SWZ,BXMX,ETW,EAD,GLO,NFJ,JGH,EVT,IVZ,HNW,BBDC,GOF,TSLX,FTF,CNS,EXG,NMZ,AOD,DFP,CHW,NMT,HQH,IAF,THQ,PFO,PAXS,PGP,BGB,DMA,PHT,CGO,GRF,ETO,BGX,OXLC,PTY,LGI,FOF,FCT,ETG,TWN,RQI,JHI,LRFC,MHI,BLW,BST,APAM,GNT,PCF,AMG,PFN,EVV,IGD,ERC,DHY,SOR,BSL,FPF,VGI,AEF,EFT,GGT,BUI,DBL,PDI,EFR,NMS,DMO,TEI,RIV,AC,CIF,EDD,TY,NAN,DSL,RA,VLT,PHK,AWF,JQC,MAV,LIEN,GUT,HIO,PCN,NVG,NMCO,NPCT,EVG,PFD,JPI,EARN,PFL,NZF,HQL,AWP,BMN,GGZ,OPP,PIM,BGR,GDL,NAD,NOAH,TDF,VVR,VKI,HYI,UTF,DNP,VGM,GLU,PGZ,HYT,EHI,HPI,BTZ,PSF,WIW,WT,CHI,PFX,GRX,GBDC,NKX,ECCC,BGY,MCR,BBUC,PHD,BWG,MHF,OCCIN,OXLCO,IQI,OXLCP,VKQ,CMU,EICA,HEQ,IDE,PPT,CCIF,OXLCN,WIA,CXH,OCCIO,MPV,PNNT,DMF,DSU,ECCF,IAE,ICMB,NEA,MUE,BGT,MIN,JOF,PAI,TEAF,TSI,CION,MMT,WEA,MVF,VMO,JMM,NXP,TROW,GLV,MFIC,PMM,EVM,JFR,PTA,NBB,IIF,EICC,EVF,MMU,MUI,NAC,DTF,RNP,KTF,TCPC,MFM,JEQ,PFLT,BME,BBN,IHD,EVN,MIY,BFK,BIT,IIM,VFL,FRA,CAF,AAMI,MHD,NMI,TPVG,FMY,CXE,HIX,ENX,RGT,BCX,EGF,BHV,EMF,BKT,PMO,PEO,RFI,BLE,CIK,MQT,OBDC,AFB,LEO,NBH,FUND,JHS,HPF,RMCO,NUV,MGF,VBF,EIM,BUR,MVT,NHS,GAIN,NRK,NXJ,SBI,DSM,MYI,RMM,ETX,NUW,MHN,MYN,MPA,DMB,CHY,FAX,GGN,SII,HPS,EOT,IGR,MUJ,VPV,BYM,EEA,NIM,BTT,MYD,NXN,NRO,RCS,PML,BNY,NXC,MUC,GEG,PCK,EICB,THW,BHK,NMFC,PNI,ACP,VTN,MUA,PFG,PYN,PNF,BTA,FMN,NQP,GBAB,NNY,IGI,INSI,OIA,KIO,GDO,PMX,EIC,MQY,ECC,BFZ,NTRSO,CEV,PMF,NCA,MCN,GF,VINP,PCQ,SWKH,DHIL,OFS,BKN,OXSQ,PAX,HFRO,MMD,PZC,PTMN,GROW,GSBD,VRTS,CSWC,OCSL,BRDG,WHF,BEN,IFN,EQS,KF,PCM,MXE,MXF,HRZN,MGLD,ALTI,PSEC,CWD,BCG,AMTD,BENF,HPH"
61,REIT - Retail,Real Estate,95.77,58,64,76,84,"WHLRP,WHLRD,ROIC,MAC,AKR,SPG,CBL,ADC,REG,SKT,IVT,KIM,BRX,FCPT,UE,PECO,GTY,KRG,WSR,PINE,FRT,ALEX,REGCP,REGCO,O,BFS,NNN,NTST,ALX,SITC,WHLR"
62,Thermal Coal,Energy,95.53,57,77,65,49,"HNRG,ARLP,NRP,NC,CNR,BTU"
63,REIT - Specialty,Real Estate,95.29,56,62,80,86,"PW,OUT,FPI,LANDP,IRM,EPR,UNIT,EQIX,DLR,SELF,LAMR,GLPI,LANDO,LANDM,PCH,WY,AMT,RYN,SBAC,CCI,LAND"
64,Medical Instruments & Supplies,Healthcare,95.13,56,32,27,32,"MBOT,PDEX,MLSS,ANGO,KRMD,OMIC,WRBY,PLSE,ATRC,EMBC,BLFS,ICUI,LMAT,ISRG,MMSI,RMD,POAI,NXGL,ZTEK,NYXH,INFU,SMTI,STXS,RGEN,NVST,AZTA,ATR,BDX,ALC,BLCO,WST,COO,LUCY,POCI,FEMY,STVN,AKYA,ALGN,AVTR,UTMD,HOLX,BAX,DXR,NEPH,HAE,OSUR,RVP,TFX,XRAY,STAA,HBIO,EKSO,MHUA,AVGR,STSS,ZJYL,BNGO,GCTK"
65,"Furnishings, Fixtures & Appliances",Consumer Cyclical,95.12,55,43,74,96,"ATER,KEQU,VIOT,SN,SNBR,WHR,PATK,LZB,TPX,FLXS,PRPL,NCL,MBC,EFOI,ETD,NTZ,BSET,COOK,MHK,LOVE,SCS,CRWS,MLKN,AMWD,LCUT,VIRC,IRBT,OESX,HOFT,FGI,HBB,LEG,NVFY"
66,Building Materials,Basic Materials,94.8,54,72,68,47,"USLM,LOMA,TGLS,SUM,KNF,CRH,SMID,VMC,EXP,CPAC,JHX,MLM,BCC,CX,RETO,CAPT"
67,Internet Retail,Consumer Cyclical,94.35,54,68,54,44,"TDUP,LQDT,CHWY,JWEL,SE,HOUR,GLBE,RVLV,RERE,HEPS,JD,AMZN,MOGU,CART,LOGC,EBAY,BZUN,BABA,CPNG,MELI,DADA,VIPS,OCG,QRTEP,W,ETSY,IPW,PDD,NHTC,JMIA,DIBS,YJ,ZKH,BYON,WBUY,NEGG,DTC,QRTEB,QRTEA,MI,LGCB,LITB,WNW"
68,Agricultural Inputs,Basic Materials,94.05,53,4,11,11,"NITO,ICL,CTVA,IPI,UAN,CF,SMG,NTR,MOS,FMC,SEED,LVRO,AVD,BIOX,BHIL"
69,Specialty Business Services,Industrials,93.72,52,48,60,86,"SPIR,TISI,KODK,QUAD,UNF,ULS,BV,RBA,CBZ,AZZ,ARMK,SGRP,CTAS,CPRT,TH,RELX,FA,ABM,LZ,PRSU,DLB,TRI,GPN,CASS,RTO,PMEC,MMS,CMPR,NTIP,DLHC,NISN,SST,LICN,SMX"
70,Oil & Gas Midstream,Energy,93.52,52,52,58,80,"TRGP,EE,KNTK,SMC,DLNG,DTM,KMI,GLNG,ET,LNG,WMB,MPLX,PAGP,OKE,CQP,ENB,PAA,EPD,WES,HESM,VNOM,GLP,MMLP,AM,TRP,SBR,NGL,BANL,IMPPP,ENLC,NVGS,DHT,MARPS,FLNG,PBA,PBT,TK,GEL,PXS,CLCO,INSW,BROG,IMPP,TEN,FRO,CMBT,NAT,TNK,LPG,STNG,TRMD,TOPS,BPT"
71,Farm & Heavy Construction Machinery,Industrials,93.44,51,72,12,17,"AGFY,REVG,DE,CNH,CAT,LNN,PCAR,CEAD,SHYF,ASTE,CMCO,BLBD,ALG,AGCO,ARTW,TWI,OSK,MTW,HYFM,TEX,HY,GENC,WNC,GP,XOS,UGRO,NKLA"
72,Telecom Services,Communication Services,93.3,50,50,69,68,"LUMN,TDS,VEON,TEO,GSAT,RDCM,ATUS,T,KT,USM,FYBR,TIGO,TKC,IDT,LBRDK,LBRDA,TMUS,LBRDP,CHTR,RBBN,CXDO,IHS,GOGO,CHT,CCOI,UCL,VZ,SKM,WOW,IRDM,VOD,VIV,PHI,CMCSA,TU,TEF,TLK,CABO,ATEX,TIMB,AMX,LILA,LILAK,KORE,SIFY,RCI,BCE,TV,SHEN,LBTYA,LBTYB,LBTYK,FNGR,ATNI"
73,Financial Data & Stock Exchanges,Financial Services,93.19,49,59,70,74,"COIN,NDAQ,MCO,MSCI,CME,TRU,SPGI,DNB,ICE,MORN,FDS,CBOE,VALU,MKTW,BTOG"
74,Building Products & Equipment,Industrials,93.05,49,54,84,93,"SWIM,PPIH,LMB,TILE,LPX,ILAG,AAON,LII,AWI,AZEK,JCI,TT,OC,MAS,SPXC,ARLO,CARR,CSL,TREX,BLDR,GMS,FBIN,APT,AIRJ,ROCK,CSTE,WMS,APOG,INVE,NX,JBI,ASPN,JELD,AEHL"
75,Restaurants,Consumer Cyclical,92.98,48,49,79,22,"EAT,BROS,CAVA,PBPB,SG,CAKE,HDL,SHAK,BH,DRI,YUMC,RICK,CBRL,FATBB,TXRH,FWRG,SBUX,NATH,RAVE,LOCO,PTLO,BJRI,CMG,MCD,BTBD,ARKR,FAT,DPZ,CNNE,YUM,RRGB,PETZ,NDLS,BDL,GTIM,FATBP,STKS,DIN,KRUS,DENN,QSR,WING,WEN,GENK,YOSH,JACK,PZZA,ARCO,THCH,BLMN,REBN,PNST,CHSN"
76,Shell Companies,Financial Services,92.73,47,55,34,56,"SKGRW,DECAU,DECA,IPXXU,PWUPU,GLSTU,IPXX,MSSAU,AQUNU,WINVU,FTIIU,GLST,GATEW,DIST,YOTA,GDSTU,HSPOU,BLAC,BNIX,BLACU,HSPO,OAKUU,ATMVU,AQU,PWUP,MSSA,AIMAU,ATMCU,BUJA,EVGRU,OAKU,IVCAU,PLMJU,QETAU,IVCA,KVACU,AITRU,ISRL,GDST,EMCGU,DYCQU,AIMBU,JVSAU,KVAC,EMCG,BAYAU,ANSCU,AITR,SPKLU,BUJAU,WINV,ALCYU,ISRLU,RENE,BAYA,GLAC,ALCY,CLRC,SKGRU,YOTAU,JVSA,SVIIU,SKGR,RENEU,GLACU,AFJK,GBBK,ATMC,EVGR,ATMV,HLXB,AACT,BKHA,FORL,CLRCU,IROHU,DTSQU,HCVIU,DYCQ,QETA,ESHA,HYAC,NETD,SPKL,FSHPU,BKHAU,FTII,VMCAU,IROH,TBMC,ANSC,PLAO,GATEU,HCVI,GPATU,IBAC,SVII,LEGT,GPAT,BYNOU,PLMJ,NETDU,VMCA,EURKU,FORLU,BYNO,GATE,DMYY,AFJKU,RENEW,BOWN,BOWNU,RFACU,RFAC,BSLK"
77,Pollution & Treatment Controls,Industrials,92.38,47,65,93,63,"PCTTU,PCT,CLIR,ATMU,ZWS,ARQ,FSS,CECO,TOMZ,VLTO,FTEK,CLWT,ERII,CHNR,LIQT,ZONE,SCWO"
78,Diagnostics & Research,Healthcare,92.35,46,45,26,63,"PSNL,GH,NOTV,XGN,ACRS,GRAL,NTRA,VCYT,CDNA,STIM,BNR,ATLN,TWST,WAT,RDNT,OPK,LH,A,DGX,CSTL,RVTY,PRE,QGEN,NEO,PRPO,ILMN,MTD,TMO,MEDP,DHR,SHC,STRRP,FONR,IQV,EXAS,IDXX,NEOG,FLGT,CRL,ICLR,MDXH,CHEK,VNRX,XWEL,OCX,BDSX,ENZ,MYGN,STRR,ME,BIAF,ISPC,APDN,AWH,NDRA,PRPH,TTOO"
79,Electronics & Computer Distribution,Technology,92.25,45,44,61,65,"CLMB,SNX,SCSC,CNXN,AVT,TAIT,ARW,NSIT,IZM"
80,Auto Parts,Consumer Cyclical,91.91,45,41,6,7,"HSAI,INVZ,REE,ALSN,DAN,HYLN,STRT,DORM,PHIN,PRTS,WKSP,FRSX,SYPR,SES,MLR,CPS,GTX,CAAS,MPAA,PLOW,SLDP,ALV,MOD,SMP,BWA,ECX,LKQ,XPEL,MGA,GPC,GNTX,HLLY,APTV,THRM,MBLY,WPRT,LEA,GT,AXL,VC,QS,MNRO,CREV,SUP,ADNT,FOXF,KNDI,CVGI,SRI,LAZR,HYZN"
81,Other Precious Metals & Mining,Basic Materials,91.57,44,53,98,76,"PPTA,ASM,SLSR,LODE,SILV,EXK,TFPM,HL,ITRG,VOXR,MUX,BVN,MTA,PLG,SBSW,NEWP"
82,Trucking,Industrials,91.53,43,36,34,51,"XPO,ULH,SNDR,CVLG,KNX,SAIA,BEST,RXO,WERN,TFII,HTLD,ODFL,MRTN,PAMT,ARCB,YGMZ"
83,Apparel Retail,Consumer Cyclical,91.16,43,46,47,85,"VSCO,SFIX,GCO,BOOT,URBN,CURV,BURL,BKE,CTRN,LULU,TJX,GAP,AKA,JILL,ROST,LE,DXLG,ANF,CRI,SCVL,TLYS,FL,AEO,ZUMZ,DLTH,RENT,CATO,GES,CAL,LVLU,BIRD"
84,Packaged Foods,Consumer Defensive,90.89,42,47,56,60,"LSF,LFVN,CDXC,JVA,RKDA,BOF,FRPT,BRBR,PAVS,LWAY,K,SENEA,PPC,MAMA,SENEB,INGR,SMPL,FTLF,BRID,MKC,KLG,BRFS,POST,BRLS,HRL,CENT,NATR,NOMD,CENTA,LANC,NCRA,GIS,THS,SJM,JBSS,CAG,FLO,JJSF,CPB,DAR,KHC,USNA,WEST,UTZ,LW,NAII,BGS,BTTR,OTLY,CLNN,HLF,BRCC,FARM,HAIN,BYND,ATPC,SNAX,IMG,ABVE,STKH,FAMI,DDC,SOWG"
85,Oil & Gas E&P,Energy,90.8,41,34,13,18,"KGEI,USEG,CRK,TPL,PNRG,EXEEZ,NEXT,EXEEW,EQT,DEC,AR,REPX,EXEEL,VIST,EXE,TBN,GPOR,EPSN,RRC,PHX,VTS,EP,CTRA,PRT,MNR,GPRK,EOG,GRNT,TXO,MTDR,EPM,CNX,GFR,PR,MXC,KRP,DMLP,HUSA,MGY,OVV,BSM,HES,NOG,SJT,CRC,SD,HPK,PVL,CLMT,FANG,PROP,MTR,STR,CRT,COP,VTLE,SM,VET,WDS,CNQ,CKX,OXY,PED,TALO,GTE,CIVI,REI,APA,NRT,DVN,INDO,MUR,CHRD,VOC,BRN,OBE,BTE,AMPY,BRY,VRN,EGY,HPKEW,MVO,WTI,KOS,EONR,TPET,BATL"
86,REIT - Residential,Real Estate,90.4,40,59,77,89,"AIV,MAA,IRT,AVB,UMH,CPT,ESS,ELS,NXRT,UDR,EQR,SUI,BRT,VRE,CSR,AMH,ELME,INVH,CLPR,BHM"
87,REIT - Mortgage,Real Estate,90.38,40,40,51,70,"ACR,LFT,NREF,TRTX,LOAN,NYMTL,DX,NYMTM,NLY,RITM,AGNC,EFC,AGNCP,NYMTZ,AGNCM,AGNCL,AGNCN,AGNCO,ORC,NYMTN,CIM,SEVN,REFI,ARR,MITT,ABR,IVR,BXMT,FBRT,AOMR,STWD,LADR,NYMT,SUNS,BRSP,AFCG,RWT,TWO,PMT,CHMI,MFA,ARI,KREF,RC,ACRE,RPT,GPMT,SACH,CMTG"
88,Specialty Retail,Consumer Cyclical,90.3,39,61,97,69,"RECT,WSM,GME,BARK,BBW,RH,WOOF,DKS,MNSO,CASY,ARKO,ORLY,TSCO,AZO,MUSA,FTEL,WINA,BBWI,ULTA,BBY,HZO,TLF,EVGO,ASO,AAP,FLWS,SBH,EVGOW,SVV,FIVE,TKLF,ZOOZ,BWMX,EYE,OLPX,BNED,ONEW,SPWH,GRWG,CHPT,BGFV,ODP,LESL,NVVE,NAAS"
89,Gold,Basic Materials,90.16,38,25,93,93,"CNL,GORO,USAU,IAG,NGD,ORLA,KGC,AEM,AGI,CDE,SSRM,HMY,AU,VGZ,IDR,PAAS,AUST,EQX,OR,FNV,RGLD,WPM,DRD,SAND,GFI,FSM,EGO,NEM,DC,CGAU,PZG,GOLD,ARMN,GLDG,NG,HYMC,THM,GROY,BTG,GAU,TRX,CMCL,SA,ODV,HYMCL,NFGC,CTGO,IAUX"
90,REIT - Hotel & Motel,Real Estate,89.53,38,39,21,26,"IHT,SHO,INN,XHR,APLE,DRH,RLJ,RHP,PEB,CLDT,SOHON,AHT,PK,SOHOO,HST,SOHOB,BHR,SOHO,SVC"
91,Drug Manufacturers - Specialty & Generic,Healthcare,89.44,37,36,47,58,"ETON,EBS,TKNO,PRFX,BGM,HROW,ITCI,CPIX,CYTHW,AKBA,TEVA,PAHC,ORGO,AMRX,SUPN,KMDA,PCRX,LNTH,ALKS,NBIX,PBH,EOLS,DVAX,HLN,IMCC,RMTI,BHC,INDV,ANIP,VTRS,ALVO,LFCR,ZTS,COLL,TAK,ESPR,EVO,KNSA,INCR,ELAN,SIGA,RDY,PRGO,OGI,BFRI,CRON,ASRT,DERM,EVOK,AMPH,YCBD,AQST,CRDL,CYTH,SNOA,HCM,DRRX,TLPH,AYTU,IXHL,ACB,RGC,ANIK,CPHI,PROC,RDHL,TXMD,IRWD,SCYX,TLRY,PTPI,FLGC,AKAN,SXTC,AVDL,SBFM,CTOR,OPTN,SHPH,CGC,QNTM,UPC"
92,REIT - Office,Real Estate,89.41,36,43,73,81,"EQC,VNO,CUZ,NLOP,DEI,BDN,SLG,CDP,KRC,HIW,PDM,ONL,BXP,CMCT,CIO,JBGS,FSP,PSTL,FISK,ESBA,DEA,OGCP,PGRE,ARE,PKST,HPP,OPI"
93,Packaging & Containers,Consumer Cyclical,89.37,36,27,36,39,"IP,PTVE,PKG,KRT,SW,BERY,MGIH,SLGN,SEE,CCK,AMCR,GEF,GPK,REYN,PACK,TRS,AVY,SON,BALL,OI,MYE,YHGJ,AMBP,OCTO,DSS"
94,Medical Care Facilities,Healthcare,89.35,34,13,38,77,"NUTX,AVAH,TOI,MD,DCGO,DVA,LFST,SEM,ADUS,CCRN,FMS,CCEL,RHE,SNDA,THC,PNTG,EHC,BTMD,AUNA,CON,ENSG,HCSG,OPCH,AMS,USPH,UHS,CHE,JYNT,EHAB,AMED,HCA,NHC,ARDT,AGL,CYH,AIRS,ASTH,KDLY,BKD,BKDT,SGRY,ACHC,INNV,SYRA,CCM,AMN,CMPS,BACK,PACS,PIII,MODV"
95,Department Stores,Consumer Cyclical,89.35,34,38,30,35,"DDS,JWN,M,KSS"
96,Airports & Air Services,Industrials,89.33,34,37,18,2,"JOBY,CAAP,OMAB,PAC,BLDE,ASLE,ASR,UP,SOAR"
97,Tools & Accessories,Industrials,89.29,33,30,59,54,"SNA,RBC,HLMN,TTC,KMT,SWK,LECO,EML,TKR,CVR"
98,REIT - Diversified,Real Estate,89.27,32,68,72,88,"MKZR,GOOD,EPRT,CTO,MDRR,OLP,SQFTP,GOODN,AAT,VICI,BNL,WPC,GNL,NXDT,ESRT,AHH,SQFT,SAFE,GIPR"
99,Resorts & Casinos,Consumer Cyclical,88.51,31,38,44,20,"PLYA,BYD,BALY,MCRI,VAC,HGV,PENN,GDEN,CNTY,MTN,LVS,FLL,WYNN,RRR,MLCO,CZR,MGM,MSC"
100,Utilities - Renewable,Utilities,88.25,31,81,45,4,"WAVE,GEV,ADN,CEG,BNRG,ELLO,NRGV,RNW,CWEN,ENLT,AMPS,VGAS,BEPC,ORA,EBR,BEP,AQN,STEM,FLNC,NEP,CREG,RNWWW,HTOO,SUUN,HTOOW,ALCE"
101,Textile Manufacturing,Consumer Cyclical,87.57,30,28,28,27,"AIN,CULP,UFI"
102,Mortgage Finance,Financial Services,87.45,29,11,43,71,"SNFCA,COOP,ONIT,PFSI,IOR,ECPG,VEL,UWMC,WD,GHLD,RKT,GHI,LDI,CNF,PAPL,BETR"
103,Tobacco,Consumer Defensive,87.21,29,17,15,12,"TPB,BTI,RLX,PM,MO,UVV,KAVL,ISPR,GNLN,XXII"
104,Farm Products,Consumer Defensive,87.13,28,14,11,29,"SANW,VITL,CALM,FDP,ALCO,CHSCN,CHSCL,CHSCO,CHSCM,LMNR,DTCK,DOLE,TSN,CHSCP,ADM,AFRI,AGRO,SDOT,LOCL,LND,BG,VFF,EDBL,AQB,AGRI,SISI"
105,Real Estate - Diversified,Real Estate,87.03,27,31,89,64,"CHCI,HHH,JOE,STRS"
106,Home Improvement Retail,Consumer Cyclical,86.55,27,6,9,28,"HD,LOW,ARHS,TTSH,FND,HVT,KIRK,LIVE"
107,Broadcasting,Communication Services,86.51,26,18,31,36,"FUBO,CURI,IHRT,TGNA,SBGI,NXST,MDIA,SJ,SGA,UONE,UONEK,SSP,GTN,BBGI,CMLS"
108,Household & Personal Products,Consumer Defensive,86.5,25,24,20,15,"HIMS,HNST,NWL,IPAR,CLX,UG,CHD,KVUE,UL,PG,SPB,KMB,CL,EPC,GROV,HELE,YSG,WALDW,WALD,ACU,COTY,EL,SKIN,NUS,EWCZ,ELF,DSY,CTCX,TANH,RAY"
109,Staffing & Employment Services,Industrials,86.13,24,42,17,25,"NIXX,MHH,STAF,HSII,BBSI,KFY,RHI,HQI,KFRC,TNET,MAN,TBI,NSP,JOB,HSON,KELYB,KELYA,ZIP,BGSF,IPDN"
110,Conglomerates,Industrials,85.76,24,34,33,55,"CRESY,MMM,MDU,VMI,GFF,DLX,HON,MATW,BBU,PLAG,AIRT,SPLP,AIRTP,CODI,FIP,TRC,BOC,RCMT,NNBR,TUSK,SEB,HHS,BOOM,FBYD,EFSH"
111,Pharmaceutical Retailers,Healthcare,85.38,23,65,66,38,"HITI,PETS,SSY,WBA,CJJD,SCNX"
112,Personal Services,Consumer Cyclical,85.34,22,15,4,54,"EM,RGS,FTDR,CSV,YYGH,ROL,SCI,BFAM,HRB,WW,MED,EJH,MRM,IVP,TRNR"
113,Residential Construction,Consumer Cyclical,85.21,22,16,86,97,"CVCO,SKY,TOL,TMHC,LEGH,NVR,KBH,GRBK,TPH,PHM,MHO,MTH,BZH,DHI,IBP,LGIH,LEN,HOV,DFH,UHG"
114,Electronic Gaming & Multimedia,Communication Services,84.85,21,22,15,9,"SNAL,RBLX,TTWO,BILI,NTES,GIGM,GDC,SKLZ,SOHU,MYPS,PLTK,GRVY,GXAI,EA,DDI,MSGM,GAME,GMGI,MYPSW,GDEV,TRUG,BHAT"
115,Advertising Agencies,Communication Services,84.82,20,49,22,37,"ICLK,TZOO,CTV,MGNI,NEXN,QNST,BAOS,MCHX,NCMI,WIMI,LDWY,ZD,STGW,CRTO,EVC,IPG,WPP,ABLV,IAS,OMC,CHR,CCO,FLNT,EEX,TSQ,SWAG,ADV,ANTE,CNET,CDLX,LKCO,KRKR,TZUP,DLPN,VSME,DRCT,HAO,QMMM,MGOL"
116,Specialty Chemicals,Basic Materials,84.8,20,12,49,21,"FSI,GEVO,PRM,ALTM,ODC,HWKN,APD,NGVT,AXTA,RPM,SHW,FF,SXT,ECL,TSE,BCPC,MTX,ESI,DD,AVNT,IOSP,LIN,ECVT,ALTO,EMN,PPG,IFF,CBT,WDFC,NEU,SQM,KRO,NTIC,ALB,LYB,CMT,BGLC,CC,WLK,FUL,KWR,ASH,SCL,KOP,OEC,SNES,SSL,BON,MATV,FEAM,HDSN,LOOP,LWLG,CNEY,CRKN"
117,Utilities - Diversified,Utilities,84.48,19,20,46,59,"ALE,SRE,BIP,AVA,CIG,UTL,ELP,OTTR,ELPC,MNTK,AES"
118,Chemicals,Basic Materials,84.33,18,9,77,29,"ASPI,RYAM,ASIX,MEOH,WLKP,VHI,ORGN,LXU,REX,DOW,HUN,BAK,GURE,OLN,TROX,GPRE,CE"
119,Semiconductor Equipment & Materials,Technology,83.84,18,27,14,22,"ATOM,AMBA,NVMI,TER,CAMT,KLAC,TRT,ONTO,ASYS,AMAT,INTT,KLIC,LRCX,INDI,PLAB,UCTT,ASML,FORM,ENTG,DQ,ICHR,IPGP,ACMR,AEHR,COHU,AXTI,AMKR,VECO,SMTK,ACLS"
120,Real Estate - Development,Real Estate,83.71,17,9,29,30,"FPH,MRNO,AXR,LPA,OZ,XIN,CCS,AEI,VTMX,SDHC,LRE,FOR,LSEA,SGD"
121,Aluminum,Basic Materials,83.13,16,24,75,31,"CENX,KALU,AA,CSTM"
122,REIT - Industrial,Real Estate,83.01,15,8,59,92,"TRNO,FR,PLD,EXR,PSA,EGP,NSA,MDV,CUBE,STAG,LXP,ILPT,REXR,COLD,PLYM,LINE,IIPR"
123,Oil & Gas Drilling,Energy,82.93,15,6,2,40,"SOC,PDS,HP,PTEN,NE,SDRL,RIG,NBR,BORR"
124,Drug Manufacturers - General,Healthcare,82.73,14,13,36,83,"BMY,GILD,SNY,LLY,ABBV,PFE,JNJ,NVS,AZN,AMGN,GRFS,GSK,OGN,MIRA,MRK,AMRN,NVO,BIIB,SCLX"
125,Uranium,Energy,82.69,13,40,88,1,"LEU,UEC,CCJ,UROY,DNN,UUUU,NXE,URG,EU"
126,Business Equipment & Supplies,Industrials,82.67,13,73,45,46,"EBF,HNI,ACCO,ACTG,EHGO"
127,Real Estate Services,Real Estate,82.5,12,21,57,47,"COMP,IRS,CBRE,AIRE,JLL,NYC,RFL,CWK,NMRK,NEN,REAX,BPYPN,BEKE,CIGI,FSV,RDFN,BPYPO,RMAX,MMI,FRPH,BPYPP,GYRO,DUO,HASI,MAYS,DOUG,GBR,CSGP,KW,MLP,ARL,TCI,EXPI,ALBT,SEG,HOUS,RMR,WETH,STHO,UK,SRG,DBRG,FTHM,OMH,OPEN,OPAD,ASPS,LRHC,UOKA,XHG"
128,Beverages - Wineries & Distilleries,Consumer Defensive,82.22,11,2,20,3,"WVVI,VINE,WVVIP,DEO,SNDL,SBEV,MGPI"
129,Oil & Gas Refining & Marketing,Energy,81.27,11,4,5,13,"AE,CLNE,DKL,WKC,CAPL,SUN,SGU,VLO,MPC,PSX,DK,PBF,DINO,PARR,CVI,UGP,IEP,AMTX,CSAN"
130,Silver,Basic Materials,81.0,10,29,99,68,"MAG,SVM,AG"
131,Marine Shipping,Industrials,79.82,9,15,31,72,"HTCO,ZIM,MATX,CCEC,DAC,KEX,CMRE,SFL,NMM,KNOP,BWLP,GASS,PSHG,GNK,ESEA,SHIP,ECO,GOGL,PANL,USEA,HAFN,SB,TORO,GLBS,SBLK,DSX,ASC,HSHP,CTRM,SMHI,OP,EDRY,CISS,ICON"
132,Biotechnology,Healthcare,79.16,9,19,37,36,"XCUR,CMRX,DBVT,MESO,PULM,SMMT,DWTX,SRRK,QURE,CSBR,VRNA,CMMB,COEP,OMER,NTRBW,CRMD,CAPR,LENZ,KOD,AKRO,ALGS,TVTX,TECX,ADPT,TARA,CMPX,PLX,CORT,ATHE,AVXL,CADL,ARQT,FBRX,CHRO,CVKD,CRVS,INSM,DMAC,ELDN,NTRB,ADMA,SNTI,WVE,DRTS,RIGL,TGTX,AADI,RZLT,BNTC,TRVI,VRAX,TARS,OCS,ATYR,JANX,QNCX,ELTX,CDXS,TIL,ENTX,IBIO,BRTX,SGMO,CNTA,REPL,OPT,IFRX,NRXP,SLS,UBX,MIRM,CDTX,SPRY,CDMO,ARGX,PTCT,MDGL,CRDF,NVAX,TENX,XERS,BBIO,VOR,ZYME,MIST,PRAX,IRON,VCEL,MDXG,SABS,EXEL,EWTX,ZVRA,AUPH,NRIX,CPRX,SEER,GRCE,ALNY,CKPT,VSTM,CVAC,UTHR,IKT,MNOV,GNLX,SILO,LGND,BPMC,BCRX,ONC,ACHL,DSGN,HALO,HOTH,AVBP,KALA,SRZN,ICCC,CARA,RYTM,RNXT,CGEN,RNA,VIR,MNKD,BNTX,MDWD,OCUL,SLGL,AXSM,SPRC,LQDA,TNXP,VYNE,ALDX,THTX,HRMY,ORIC,NAMSW,TVGN,ZLAB,INCY,EPRX,LIXT,CDIO,RPRX,RVPH,PTGX,COCP,MNMD,DYAI,VERV,PCVX,BLTE,MBRX,GLUE,COGT,DNLI,LTRN,NAMS,JAZZ,ITRM,MGTX,NRXS,XBIO,XTLB,STOK,PGEN,TECH,ABEO,INKT,ENSC,AMLX,ESLA,BEAM,GLSI,INVA,GOSS,INMB,CUE,MURA,ABUS,ACAD,NUVB,XOMAP,ETNB,XOMAO,TBPH,FENC,RVMD,VRDN,XOMA,UNCY,IMNN,GHRS,KYMR,TELO,MOLN,NUVL,ATAI,ABCL,SWTX,BYSI,DOMH,IKNA,ROIV,SLNO,VERA,ASMB,GNTA,GANX,IMRX,VRTX,VXRT,KRYS,VTVT,NRSN,MCRB,PHAR,KRON,VNDA,ALT,ELVN,MLTX,FBIO,SLRX,GDTC,HUMA,ASND,ARTL,ORMP,ACLX,XENE,IMMX,AGIO,OSTX,CHRS,XNCR,IMRN,VANI,CMND,RXRX,ABSI,IMMP,LSTA,OBIO,LPCN,RNAC,SNPX,KPRX,SGMT,DARE,RENB,CELU,RARE,MRNS,SRPT,DAWN,CYCN,PRQR,MEIP,PLUR,DNTH,BHVN,NVCT,FGEN,DNA,AURA,MRUS,AVIR,GLYC,GOVX,APGE,IGC,ARDX,GERN,FOLD,ACIU,NKTR,TRAW,SCNI,ARWR,TRDA,FBIOP,TLSA,CGON,CYCCP,APRE,PROK,PMVP,ERAS,ANIX,GNFT,IPHA,MGX,CLGN,RCUS,FULC,VERU,IVA,PHVS,PBYI,XLO,CYTK,KZR,VTYX,CYBN,PMCB,PRTC,MLYS,MAIA,GMAB,ACRV,SYBX,TYRA,RVNC,HRTX,OKYO,PLRX,LPTX,NERV,CLSD,APLS,AVTE,OCGN,INBX,ADIL,CNTB,CRNX,AVTX,TSHA,NNVC,GLPG,BMRN,CRSP,ADXN,PRTA,VTGN,IONS,MREO,PYPD,PSTV,MRVI,IRD,CING,KPTI,VYGR,URGN,GYRE,IMUX,IMCR,RGLS,OABI,FHTX,FTRE,LEGN,LEXX,PASG,IMAB,ARMP,XFOR,TRML,SLXN,NBY,TERN,COYA,GPCR,IMVT,CLDX,ENGN,ITOS,IBRX,REGN,RLYB,MLEC,KALV,VALN,ARCT,ENLV,TTNP,IOBT,CELC,SCPH,ATXS,SNDX,ATOS,PRTG,SNSE,IMNM,CLLS,VKTX,HLVX,CRGX,ANTX,ALLO,GLMD,CELZ,ANEB,BCDA,SAGE,INM,CGTX,ATRA,VIGL,IDYA,NAUT,BDTX,SVRA,ANNX,EYPT,SANA,SYRE,IPA,CTMX,RLAY,LSB,PMN,ADAP,THAR,CANF,NKGN,LIPO,ADAG,ACHV,BCLI,ANAB,EQ,IOVA,CTNM,AIM,PTIX,RGNX,BOLT,NBTX,LCTX,LGVN,PRME,ONCY,CGEM,KRRO,SPRO,INTS,CALC,RAPP,ARVN,AKTX,PHAT,NXTC,CCCC,ABVC,MTVA,GTBP,AGEN,TSVT,BCYC,ANRO,CRBU,BRNS,ONVO,SXTP,TPST,APM,SKYE,MGNX,PTN,XBIT,ALVR,ADVM,ANL,ATHA,CNTX,CRBP,CSCI,ACET,PHGE,MRNA,ATNF,CASI,ALMS,NTLA,DTIL,NLSPW,ARTV,ABOS,INDP,ADCT,IMTX,DRMA,SER,OLMA,STRO,SPRB,LXRX,ALXO,BLUE,GUTS,ABVX,OGEN,BOLD,PHIO,ELEV,PPBT,XRTX,LXEO,RCKT,DYN,LRMR,TNFA,SNGX,ZNTL,JAGX,ENVB,CLDI,GALT,EDSA,KTTA,INAB,GLTO,AUTL,ENTO,BPTH,HCWB,ANVS,ALLR,ATXI,OVID,TSBX,TCRT,LIXTW,THRD,YMAB,NKTX,RANI,CRIS,CLYM,PRLD,STTK,BIVI,VIRX,LVTX,TOVX,QLGN,SLDB,MRKR,GRI,ZVSA,BMEA,LYRA,KYTX,TCRX,ATNM,LYEL,PYXS,KURA,TNYA,ENTA,ZURA,EVGN,APLM,IPSC,PDSB,RNAZ,QNRX,ALZN,CARM,HOOK,NCNA,KLTO,TNGX,NGNE,CBUS,HOWL,ACXP,FATE,GBIO,BDRX,RAPT,FDMT,OCEA,CVM,KZIA,CABA,BTAI,EVAX,APTO,PCSA,ALEC,ERNA,SLRN,BCTX,PALI,FBLG,JSPR,EDIT,OKUR,INO,NLSP,CYCC,RPTX,APVO,CNSP,EPIX,IVVD,INZY,OTLK,SLN,MRSN,VRCA,ICU,VRPX,BCAB,GNPX,AFMD,AZTR,CTXR,OMGA,SONN,MBIO,ALLK,KROS,PEPG,BLRX,HEPA,VINC,REVB,CRVO,NMRA,IGMS,CDT,QTTB,MTNB,ONCO,APLT,ABP,SAVA,PBM,CLRB,CERO,RLMD,WINT,EYEN,TCBP,AEON,SYRS,ADTX,ELAB,SCPX"
133,Consumer Electronics,Technology,79.15,8,23,6,90,"VUZI,KOSS,VOXX,TBCH,SONY,AAPL,UEIC,SONO,AXIL,MSN,ZEPP,LPL,GPRO,FOXX,WTO,FEBO,WLDS,RIME"
134,Lumber & Wood Production,Basic Materials,78.72,7,5,18,11,"WFG,JCTC,UFPI,SSD,NWGL"
135,Steel,Basic Materials,77.87,6,10,9,14,"MSB,ZKIN,ACNT,MT,RS,ASTL,STLD,CMC,SIM,X,GGB,HLP,FRD,WS,MTUS,TX,NUE,ZEUS,PKX,HUDI,RDUS,INHD,SID,CLF,KBSX"
136,Waste Management,Industrials,76.35,6,20,42,45,"AWX,ESGL,GFL,RSG,CLH,CWST,WCN,WM,NVRI,AMBI,PESI,MEG,QRHC,LNZA,GWAV,CDTG,AQMS,LICY"
137,Beverages - Brewers,Consumer Defensive,75.84,5,11,24,16,"CCU,TAP,SAM,BUD,ABEV,FMX,STZ"
138,Confectioners,Consumer Defensive,75.63,4,21,32,2,"TR,MDLZ,HSY,RMCF"
139,Copper,Basic Materials,75.13,4,7,82,61,"HBM,SCCO,TGB,MTAL,FCX,ERO,IE"
140,Solar,Technology,74.69,3,2,0,0,"TURB,CSLR,ZEO,NXT,JKS,SOL,VVPR,TOYO,FSLR,SPRU,SMXT,ARRY,TYGO,RUN,FTCI,CSIQ,SHLS,ENPH,VSTE,NOVA,SEDG,MAXN,BEEM,ASTI"
141,Consulting Services,Industrials,74.5,2,3,7,19,"HURN,CRAI,VRSK,EFX,GRNQ,FCN,BAH,ROMA,RGP,FORR,ICFI,INTJ,SBC,AERT,VCIG"
142,Coking Coal,Basic Materials,72.33,2,18,3,13,"SXC,METCB,HCC,METC,AMR,AREC"
143,Recreational Vehicles,Consumer Cyclical,70.4,1,0,2,4,"MCFT,THO,MBUU,LCII,MPX,BC,DOOO,HOG,WGO,MAMO,PII,VEEE,EZGO,VMAR"
144,Auto Manufacturers,Consumer Cyclical,67.9,0,1,0,0,"TSLA,XPEV,PSNYW,GM,RIVN,ZK,CYD,LCID,RACE,VFS,TM,LI,F,HMC,NIU,NIO,CENN,PSNY,ECDA,STLA,AYRO,NWTN,VFSWW,LOBO,LOT,GGR,LVWR,FLYE,CJET,FFIE,PEV,WKHS,AIEV,EVTV,ZAPP,VLCN,MULN,GOEV"
145,Financial Conglomerates,Financial Services,64.8,0,0,4,61,"TREE,IX,VOYA,RILYL,RILY,RILYP"
